id_seq,id,latitude,longitude,species,site
PL1_Pool1_F31_C_2,F31_2011,-13.12942,49.43486,E. carletoni,AMBO
PL1_Pool1_F53_C_20,F53_2011,-13.13394,49.43717,E. carletoni,AMBO
PL1_Pool1_F54_A_4,F54_2011,-13.13356,49.43677,E. carletoni,AMBO
PL1_Pool2_24_G20_2011,G20_2011,-13.13002,49.47275,E. carletoni,AMBO
PL1_Pool2_25_F72_2011,F72_2011,-13.1304,49.46847,E. carletoni,AMBO
PL1_Pool3_27_F57_2011,F57_2011,-13.13172,49.43522,E. carletoni,AMBO
PL1_PoolX_F71_2011,F71_2011,-13.12365,49.47246,E. carletoni,AMBO
PL1_Pool1_P22_D_37,P22_2012,-12.75667,49.48362,E. carletoni,ANALM_2
PL1_Pool1_P36_A_17,P36_2012,-12.78281,49.4722,E. carletoni,ANALM_2
PL1_Pool1_P42_D_3,P42_2012,-12.77994,49.47232,E. carletoni,ANALM_2
PL1_Pool1_P70_C_20,P70_2012,-12.70417,49.47021,E. carletoni,ANALM_2
PL1_Pool2_P25_B_4,P25_2012,-12.77658,49.48513,E. carletoni,ANALM_2
PL1_Pool2_6_P27_2012,P27_2012,-12.78002,49.46749,E. carletoni,ANALM_2
PL1_Pool3_7_P20_2012,P20_2012,-12.7753,49.48607,E. carletoni,ANALM_2
PL1_PoolX_P8_2012,P8_2012,-12.7817,49.46839,E. carletoni,ANALM_2
PL1_Pool1_C61_A_1,C61_2012,-12.81454,49.37368,E. carletoni,ANALM
PL1_Pool1_C73_A_25,C73_2012,-12.82787,49.37353,E. carletoni,ANALM
PL1_Pool2_A77_D_28,A77_2012,-12.80272,49.39316,E. carletoni,ANALM
PL1_Pool2_C25_C_18,C25_2012,-12.81073,49.41211,E. carletoni,ANALM
PL1_Pool2_C26_C_27,C26_2012,-12.80811,49.4016,E. carletoni,ANALM
PL1_Pool2_C29_C_38,C29_2012,-12.79613,49.39997,E. carletoni,ANALM
PL1_Pool2_C34_C_16,C34_2012,-12.83342,49.37071,E. carletoni,ANALM
PL1_Pool2_C35_C_3,C35_2012,-12.82114,49.37656,E. carletoni,ANALM
PL1_Pool2_12_C28_2012,C28_2012,-12.81092,49.41023,E. carletoni,ANALM
PL1_Pool1_29_C40_2012,C40_2012,-12.83296,49.36151,E. carletoni,ANALM
PL1_Pool1_31_C27_2012,C27_2012,-12.81115,49.41193,E. carletoni,ANALM
PL1_Pool3_20_C62_2012,C62_2012,-12.81206,49.3743,E. carletoni,ANALM
PL1_Pool3_31_A80_2012,A80_2012,-12.79702,49.39878,E. carletoni,ANALM
PL1_PoolX_C1_2012,C1_2012,-12.79552,49.39725,E. carletoni,ANALM
PL1_PoolX_C54_2012,C54_2012,-12.82409,49.37765,E. carletoni,ANALM
PL1_PoolX_C7_2012,C7_2012,-12.79502,49.39643,E. carletoni,ANALM
PL1_PoolX_A39_2013,A39_2013,-13.61952,50.00191,E. carletoni,ANALV
PL1_Pool1_A17_A_41,A17_2012,-12.89301,49.35929,E. carletoni,ANDF
PL1_Pool1_B46_C_23,B46_2012,-12.92117,49.32804,E. carletoni,ANDF
PL1_Pool1_B80_D_2,B80_2012,-12.90378,49.33675,E. carletoni,ANDF
PL1_Pool2_A23_E_12,A23_2012,-12.89529,49.35853,E. carletoni,ANDF
PL1_Pool3_46_B45_2012,B45_2012,-12.91802,49.29342,E. carletoni,ANDF
PL1_PoolX_A11_2012,A11_2012,-12.90433,49.33725,E. carletoni,ANDF
PL1_Pool2_A34_C_7,A34_2012,-13.75424,49.53603,E. carletoni,ANDR
PL1_Pool1_9_A39_2014,A39_2014,-13.77796,49.52103,E. carletoni,ANDR
PL1_PoolX_A46_2012,A46_2012,-13.79328,49.51964,E. carletoni,ANDR
PL1_Pool2_33_I09_2015,I09_2015,-13.6246,49.24428,E. carletoni,ANDRA
PL1_Pool1_F114_D_1,F114_2012,-12.94956,49.04516,E. carletoni,ANDRAF
PL1_Pool1_F116_C_37,F116_2012,-12.95697,49.03563,E. carletoni,ANDRAF
PL1_Pool1_F126_B_14,F126_2012,-12.97395,49.03363,E. carletoni,ANDRAF
PL1_Pool1_F131_A_4,F131_2012,-12.98647,49.03048,E. carletoni,ANDRAF
PL1_Pool1_F71_B_18,F71_2012,-12.93474,49.05588,E. carletoni,ANDRAF
PL1_Pool2_F82_C_36,F82_2012,-12.93586,49.05819,E. carletoni,ANDRAF
PL1_Pool2_8_F117_2012,F117_2012,-12.95283,49.0427,E. carletoni,ANDRAF
PL1_Pool1_38_F81_2012,F81_2012,-12.94122,49.05248,E. carletoni,ANDRAF
PL1_PoolX_F127_2012,F127_2012,-12.96312,49.03842,E. carletoni,ANDRAF
PL1_PoolX_F128_2012,F128_2012,-12.96286,49.03832,E. carletoni,ANDRAF
PL1_Pool2_K42_2011_A_10,K42_2011,-13.27303,49.65475,E. carletoni,ANKAMY
PL1_PoolX_K43_2011,K43_2011,-13.27239,49.65454,E. carletoni,ANKAMY
PL1_Pool1_H23_A_51,H23_2011,-13.20341,49.56213,E. carletoni,ANTSB
PL1_Pool1_H37_D_6,H37_2011,-13.21111,49.55832,E. carletoni,ANTSB
PL1_Pool1_H39_C_13,H39_2011,-13.21183,49.55756,E. carletoni,ANTSB
PL1_Pool1_H48_C_37,H48_2011,-13.20763,49.56394,E. carletoni,ANTSB
PL1_Pool1_H61_D_33,H61_2011,-13.2133,49.56013,E. carletoni,ANTSB
PL1_Pool1_D31_C_23,D31_2011,-13.17646,49.70753,E. carletoni,BEK
PL1_Pool1_D32_A_22,D32_2011,-13.17588,49.70531,E. carletoni,BEK
PL1_Pool1_D63_D_3,D63_2011,-13.16367,49.70441,E. carletoni,BEK
PL1_Pool1_E63_D_15,E63_2011,-13.10653,49.70575,E. carletoni,BEK
PL1_Pool1_E64_E_1,E64_2011,-13.11064,49.70809,E. carletoni,BEK
PL1_Pool3_10_D30_2011,D30_2011,-13.17537,49.70412,E. carletoni,BEK
PL1_Pool3_12_D23_2011,D23_2011,-13.16947,49.70804,E. carletoni,BEK
PL1_Pool1_33_D28_2011,D28_2011,-13.16358,49.70686,E. carletoni,BEK
PL1_Pool2_27_D65_2011,D65_2011,-13.16362,49.70806,E. carletoni,BEK
PL1_Pool2_7_D36_2011,D36_2011,-13.17286,49.70744,E. carletoni,BEK
PL1_PoolX_D08_2011,D08_2011,-13.17274,49.7042,E. carletoni,BEK
PL1_PoolX_D09_2011,D09_2011,-13.16357,49.70565,E. carletoni,BEK
PL1_PoolX_D21_2011,D21_2011,-13.17053,49.70282,E. carletoni,BEK
PL1_PoolX_K27_2011,K27_2011,-13.18583,49.71805,E. carletoni,BEK
PL1_PoolX_K28_2011,K28_2011,-13.18599,49.71806,E. carletoni,BEK
PL1_Pool1_28_C35_2013,C35_2013,-13.55742,49.89869,E. carletoni,BEZ
PL1_Pool1_J56_B_18,J56_2011,-13.25624,49.61579,E. carletoni,BIN
PL1_Pool1_E22_E_5,E22_2011,-13.23756,49.7663,E. carletoni,BOB
PL1_Pool1_J11_B_12,J11_2011,-13.25062,49.77049,E. carletoni,BOB
PL1_Pool1_J23_D_40,J23_2011,-13.25062,49.77049,E. carletoni,BOB
PL1_Pool1_J24_B_13,J24_2011,-13.25084,49.77158,E. carletoni,BOB
PL1_Pool1_J25_B_14,J25_2011,-13.24999,49.76903,E. carletoni,BOB
PL1_Pool1_J28_B_15,J28_2011,-13.25018,49.76825,E. carletoni,BOB
PL1_Pool2_22_J32_2011,J32_2011,-13.2485,49.77053,E. carletoni,BOB
PL1_PoolX_E28_2011,E28_2011,-13.22633,49.76224,E. carletoni,BOB
PL1_PoolX_J29_2011,J29_2011,-13.25012,49.76864,E. carletoni,BOB
PL1_PoolX_J30_2011,J30_2011,-13.24994,49.76782,E. carletoni,BOB
PL1_PoolX_J31_2011,J31_2011,-13.24725,49.76844,E. carletoni,BOB
PL1_Pool3_30_BC50_2017,BC50_2017,-12.50323,49.17526,E. carletoni,M_AMBRE_NORTH
PL1_Pool3_39_BD54_2017,BD54_2017,-12.52271,49.17331,E. carletoni,M_AMBRE_NORTH
PL1_Pool1_F59_A_24,F59_2012,-12.91466,49.10711,E. carletoni,MAHAR
PL1_Pool2_F16_C_14,F16_2012,-12.95638,49.11711,E. carletoni,MAHAR
PL1_Pool2_F20_A_29,F20_2012,-12.96278,49.12083,E. carletoni,MAHAR
PL1_Pool2_F38_D_34,F38_2012,-12.93839,49.1202,E. carletoni,MAHAR
PL1_Pool1_11_F19_2012,F19_2012,-12.95819,49.11944,E. carletoni,MAHAR
PL1_Pool1_37_F24_2012,F24_2012,-12.94939,49.12629,E. carletoni,MAHAR
PL1_Pool1_41_F49_2012,F49_2012,-12.93531,49.11818,E. carletoni,MAHAR
PL1_Pool1_8_F26_2012,F26_2012,-12.94759,49.12521,E. carletoni,MAHAR
PL1_PoolX_F40_2012,F40_2012,-12.97592,49.11225,E. carletoni,MAHAR
PL1_Pool1_H30_E_5,H30_2012,-12.83465,49.15709,E. carletoni,MAROV
PL1_Pool1_H41_B_1,H41_2012,-12.82802,49.15881,E. carletoni,MAROV
PL1_Pool2_F149_D_5,F149_2012,-12.86621,49.12244,E. carletoni,MAROV
PL1_Pool2_H28_B_5,H28_2012,-12.82971,49.14958,E. carletoni,MAROV
PL1_Pool2_H31_A_10,H31_2012,-12.83321,49.15623,E. carletoni,MAROV
PL1_Pool2_H43_C_28,H43_2012,-12.83535,49.13788,E. carletoni,MAROV
PL1_Pool1_45_H39_2012,H39_2012,-12.82941,49.1533,E. carletoni,MAROV
PL1_Pool1_14_H20_2012,H20_2012,-12.88394,49.11359,E. carletoni,MAROV
PL1_Pool1_45_F150_2012,F150_2012,-12.85748,49.1286,E. carletoni,MAROV
PL1_Pool2_12_H10_2012,H10_2012,-12.86208,49.12417,E. carletoni,MAROV
PL1_PoolX_H11_2012,H11_2012,-12.86177,49.12588,E. carletoni,MAROV
PL1_PoolX_H7_2012,H7_2012,-12.85455,49.13514,E. carletoni,MAROV
PL1_Pool2_B62_2013_C_16,B62_2013,-13.43622,49.71942,E. carletoni,SAL
PL1_Pool2_28_B53_2013,B53_2013,-13.44045,49.72103,E. carletoni,SAL
PL1_PoolX_B63_2013,B63_2013,-13.44819,49.72201,E. carletoni,SAL
PL1_PoolX_B64_2013,B64_2013,-13.44856,49.72165,E. carletoni,SAL
PL1_Pool2_A39_A_36,A39_2012,-12.96833,49.21461,E. carletoni,SERA
PL1_Pool2_A55_E_3,A55_2012,-12.94996,49.20619,E. carletoni,SERA
PL1_Pool1_48_A53_2012,A53_2012,-12.95103,49.207,E. carletoni,SERA
PL1_PoolX_A27_2012,A27_2012,-12.95736,49.20354,E. carletoni,SERA
PL1_PoolX_A42_2012,A42_2012,-12.95253,49.21246,E. carletoni,SERA
PL1_Pool1_H07_A_24,H07_2011,-13.08976,49.58438,E. carletoni,SOL
PL1_Pool1_I47_E_13,I47_2011,-13.08869,49.58095,E. carletoni,SOL
PL1_Pool1_30_K06_2011,K06_2011,-13.10335,49.57985,E. carletoni,SOL
PL1_Pool3_24_I22_2011,I22_2011,-13.08855,49.57435,E. carletoni,SOL
PL1_PoolX_H05_2011,H05_2011,-13.08914,49.58291,E. carletoni,SOL
PL1_PoolX_K35_2011,K35_2011,-13.09551,49.57943,E. carletoni,SOL
PL1_Pool2_D16_E_10,D16_2012,-13.1176,49.21146,E. carletoni,TSAKA
PL1_PoolX_F9_2015,F9_2015,-13.65282,49.55326,E. ellermani,AMBA
PL1_Pool3_24_B25_2014,B25_2014,-13.89701,49.44081,E. ellermani,AMBALA
PL1_Pool2_G52_2015_E_12,G52_2015,-13.34159,49.45042,E. ellermani,ANKI
PL1_Pool1_10_G45_2015,G45_2015,-13.34853,49.44703,E. ellermani,ANKI
PL1_Pool1_H22_D_37,H22_2011,-13.21265,49.55706,E. ellermani,ANTSB
PL1_Pool1_H38_D_17,H38_2011,-13.21265,49.55706,E. ellermani,ANTSB
PL1_Pool1_H41_D_10,H41_2011,-13.21265,49.55706,E. ellermani,ANTSB
PL1_Pool1_33_H79_2011,H79_2011,-13.21444,49.55527,E. ellermani,ANTSB
PL1_Pool2_34_H62_2011,H62_2011,-13.21154,49.56386,E. ellermani,ANTSB
PL1_Pool2_36_H71_2011,H71_2011,-13.21335,49.56152,E. ellermani,ANTSB
PL1_PoolX_H21_2011,H21_2011,-13.21329,49.5569,E. ellermani,ANTSB
PL1_PoolX_H42_2011,H42_2011,-13.20822,49.56581,E. ellermani,ANTSB
PL1_Pool1_35_C84_2013,C84_2013,-13.55604,49.87817,E. ellermani,BEZ
PL1_Pool2_K55_2011_B_6,K55_2011,-13.28992,49.60658,E. ellermani,BIN
PL1_Pool1_48_K71_2011,K71_2011,-13.28993,49.60661,E. ellermani,BIN
PL1_Pool1_24_BF61_2017,BF61_2017,-13.25011,49.59513,E. ellermani,BIN
PL1_Pool1_46_BF41_2017,BF41_2017,-13.28795,49.60271,E. ellermani,BIN
PL1_Pool2_6_BF73_2017,BF73_2017,-13.28532,49.59879,E. ellermani,BIN
PL1_PoolX_G9_2015,G9_2015,-13.45726,49.56654,E. ellermani,KABE
PL1_Pool1_12_G30_2015,G30_2015,-13.45987,49.57375,E. ellermani,KABE
PL1_Pool2_29_BD44_2017,BD44_2017,-12.52175,49.19254,E. ellermani,M_AMBRE_NORTH
PL1_Pool3_33_BC74_2017,BC74_2017,-12.52726,49.17227,E. ellermani,M_AMBRE_NORTH
PL1_Pool1_34_BK100_2018,BK100_2018,-14.24838,49.60216,E. myoxinus,AMBATO
PL1_Pool3_16_BK75_2018,BK75_2018,-14.25197,49.62529,E. myoxinus,AMBATO
PL1_Pool2_B21_2013_C_3,B21_2013,-13.45906,49.82605,E. myoxinus,ANALF
PL1_PoolX_B17_2013,B17_2013,-13.44332,49.83579,E. myoxinus,ANALF
PL1_PoolX_B20_2013,B20_2013,-13.46023,49.82661,E. myoxinus,ANALF
PL1_Pool2_A28_2013_B_20,A28_2013,-13.619,49.99098,E. myoxinus,ANALV
PL1_Pool2_A47_2013_C_7,A47_2013,-13.61318,49.99102,E. myoxinus,ANALV
PL1_Pool1_B16_D_33,B16_2012,-12.91589,49.33134,E. myoxinus,ANDF
PL1_Pool1_B54_A_51,B54_2012,-12.93393,49.31447,E. myoxinus,ANDF
PL1_Pool2_48_B51_2012,B51_2012,-12.91797,49.32937,E. myoxinus,ANDF
PL1_Pool2_E11_D_8,E11_2014,-13.74913,49.59581,E. myoxinus,ANDR
PL1_Pool2_I8_2015_D_34,I8_2015,-13.62493,49.24474,E. myoxinus,ANDRA
PL1_Pool2_36_I08_2015,I08_2015,-13.62493,49.24474,E. myoxinus,ANDRA
PL1_Pool2_39_I11_2015,I11_2015,-13.62396,49.24358,E. myoxinus,ANDRA
PL1_PoolX_I10_2015,I10_2015,-13.62444,49.24383,E. myoxinus,ANDRA
PL1_Pool3_11_BK21_2018,BK21_2018,-14.24828,49.74902,E. myoxinus,ANDRANO
PL1_Pool2_G49_2015_D_21,G49_2015,-13.34435,49.45064,E. myoxinus,ANKI
PL1_Pool2_G62_2015_D_28,G62_2015,-13.35364,49.44673,E. myoxinus,ANKI
PL1_Pool2_G75_2015_E_3,G75_2015,-13.3503,49.45307,E. myoxinus,ANKI
PL1_Pool2_G76_2015_E_14,G76_2015,-13.35958,49.44322,E. myoxinus,ANKI
PL1_Pool2_G77_2015_E_27,G77_2015,-13.35582,49.45102,E. myoxinus,ANKI
PL1_Pool2_16_G48_2015,G48_2015,-13.34847,49.45039,E. myoxinus,ANKI
PL1_Pool2_32_G63_2015,G63_2015,-13.34754,49.45244,E. myoxinus,ANKI
PL1_Pool1_F52_B_13,F52_2015,-13.54525,49.55133,E. myoxinus,ANTSA
PL1_Pool1_F70_D_40,F70_2015,-13.54521,49.55079,E. myoxinus,ANTSA
PL1_Pool2_F78_B_9,F78_2015,-13.54718,49.54995,E. myoxinus,ANTSA
PL1_Pool3_9_F78_2015,F78_2015,-13.54718,49.54995,E. myoxinus,ANTSA
PL1_Pool2_31_F67_2015,F67_2015,-13.53862,49.53043,E. myoxinus,ANTSA
PL1_Pool2_38_F82_2015,F82_2015,-13.53412,49.5358,E. myoxinus,ANTSA
PL1_PoolX_F81_2015,F81_2015,-13.53363,49.54598,E. myoxinus,ANTSA
PL1_Pool1_H20_D_2,H20_2011,-13.21265,49.55706,E. myoxinus,ANTSB
PL1_Pool1_H40_D_26,H40_2011,-13.21353,49.55692,E. myoxinus,ANTSB
PL1_Pool1_H46_B_1,H46_2011,-13.20178,49.5641,E. myoxinus,ANTSB
PL1_Pool1_14_H25_2011,H25_2011,-13.20514,49.56552,E. myoxinus,ANTSB
PL1_Pool2_35_H81_2011,H81_2011,-13.21196,49.55741,E. myoxinus,ANTSB
PL1_PoolX_H19_2011,H19_2011,-13.21448,49.55575,E. myoxinus,ANTSB
PL1_PoolX_H26_2011,H26_2011,-13.2163,49.56255,E. myoxinus,ANTSB
PL1_PoolX_H49_2011,H49_2011,-13.20529,49.5632,E. myoxinus,ANTSB
PL1_Pool3_38_BK61_2018,BK61_2018,-14.24036,49.65551,E. myoxinus,BEAMA
PL1_Pool1_C11_D_1,C11_2013,-13.5493,49.9002,E. myoxinus,BEZ
PL1_Pool2_C58_2013_C_14,C58_2013,-13.56158,49.90219,E. myoxinus,BEZ
PL1_Pool2_C71_2013_C_36,C71_2013,-13.54106,49.89734,E. myoxinus,BEZ
PL1_Pool2_C81_2013_D_8,C81_2013,-13.56176,49.88984,E. myoxinus,BEZ
PL1_Pool2_C86_2013_D_7,C86_2013,-13.54959,49.87882,E. myoxinus,BEZ
PL1_Pool1_16_C65_2013,C65_2013,-13.55727,49.89144,E. myoxinus,BEZ
PL1_Pool1_25_C74_2013,C74_2013,-13.56113,49.88044,E. myoxinus,BEZ
PL1_Pool2_37_C13_2013,C13_2013,-13.54764,49.89351,E. myoxinus,BEZ
PL1_PoolX_C10_2013,C10_2013,-13.55535,49.90294,E. myoxinus,BEZ
PL1_Pool2_K49_2011_B_4,K49_2011,-13.30689,49.6152,E. myoxinus,BIN
PL1_Pool2_K51_2011_B_5,K51_2011,-13.30352,49.61385,E. myoxinus,BIN
PL1_Pool2_K64_2011_B_8,K64_2011,-13.29461,49.60644,E. myoxinus,BIN
PL1_Pool2_K66_2011_B_9,K66_2011,-13.29059,49.60685,E. myoxinus,BIN
PL1_Pool1_35_J63_2011,J63_2011,-13.27448,49.61932,E. myoxinus,BIN
PL1_Pool1_1_BE78_2017,BE78_2017,-13.262,49.60656,E. myoxinus,BIN
PL1_Pool1_20_BF20_2017,BF20_2017,-13.27454,49.60973,E. myoxinus,BIN
PL1_Pool1_22_BF42_2017,BF42_2017,-13.28253,49.61072,E. myoxinus,BIN
PL1_Pool1_9_BF74_2017,BF74_2017,-13.28754,49.59848,E. myoxinus,BIN
PL1_Pool2_14_BE74_2017,BE74_2017,-13.25642,49.61669,E. myoxinus,BIN
PL1_Pool2_45_BF12_2017,BF12_2017,-13.25,49.60391,E. myoxinus,BIN
PL1_Pool2_48_BE73_2017,BE73_2017,-13.25599,49.61716,E. myoxinus,BIN
PL1_Pool3_10_BF60_2017,BF60_2017,-13.24959,49.59492,E. myoxinus,BIN
PL1_PoolX_J60_2011,J60_2011,-13.27434,49.61935,E. myoxinus,BIN
PL1_PoolX_J61_2011,J61_2011,-13.27654,49.61769,E. myoxinus,BIN
PL1_Pool2_G25_2015_D_4,G25_2015,-13.45426,49.57154,E. myoxinus,KABE
PL1_Pool2_G33_2015_D_20,G33_2015,-13.46074,49.57759,E. myoxinus,KABE
PL1_Pool2_G36_2015_D_19,G36_2015,-13.46923,49.57722,E. myoxinus,KABE
PL1_Pool1_5_G10_2015,G10_2015,-13.4575,49.57499,E. myoxinus,KABE
PL1_PoolX_G16_2015,G16_2015,-13.46377,49.57531,E. myoxinus,KABE
PL1_PoolX_G6_2015,G6_2015,-13.46135,49.56617,E. myoxinus,KABE
PL1_Pool2_B105_2013_C_19,B105_2013,-13.44051,49.71204,E. myoxinus,SAL
PL1_Pool2_B76_2013_C_27,B76_2013,-13.45026,49.70363,E. myoxinus,SAL
PL1_Pool2_B82_2013_C_28,B82_2013,-13.44596,49.71053,E. myoxinus,SAL
PL1_Pool2_B88_2013_C_38,B88_2013,-13.43074,49.70722,E. myoxinus,SAL
PL1_Pool1_39_B74_2013,B74_2013,-13.44904,49.70458,E. myoxinus,SAL
PL1_Pool2_20_B39_2013,B39_2013,-13.44602,49.72255,E. myoxinus,SAL
PL1_Pool2_5_B38_2013,B38_2013,-13.43833,49.71868,E. myoxinus,SAL
PL1_Pool2_8_B36_2013,B36_2013,-13.43931,49.71955,E. myoxinus,SAL
PL1_Pool3_29_B81_2013,B81_2013,-13.44763,49.70726,E. myoxinus,SAL
PL1_Pool2_K60_2011_B_7,K60_2011,-13.09044,49.57916,E. myoxinus,SOL
PL1_Pool1_D37_D_15,D37_2012,-13.1161,49.20868,E. myoxinus,TSAKA
PL1_Pool1_D75_B_15,D75_2012,-13.11674,49.23788,E. myoxinus,TSAKA
PL1_Pool2_D57_A_28,D57_2012,-13.11734,49.18981,E. myoxinus,TSAKA
PL1_Pool1_28_D41_2012,D41_2012,-13.12453,49.21959,E. myoxinus,TSAKA
PL1_Pool1_32_D68_2012,D68_2012,-13.11274,49.24455,E. myoxinus,TSAKA
PL1_Pool3_22_D25_2012,D25_2012,-13.11766,49.21157,E. myoxinus,TSAKA
PL1_PoolX_D70_2012,D70_2012,-13.11866,49.19328,E. myoxinus,TSAKA
PL1_PoolX_D79_2012,D79_2012,-13.11718,49.23765,E. myoxinus,TSAKA
PL1_PoolX_P72_2012,P72_2012,-13.1085,49.24591,E. myoxinus,TSAKA
PL1_Pool2_F10_E_11,F10_2015,-13.65424,49.56038,E. minor,AMBA
PL1_Pool2_F14_C_19,F14_2015,-13.65156,49.54607,E. minor,AMBA
PL1_Pool2_F23_D_4,F23_2015,-13.64766,49.55581,E. minor,AMBA
PL1_Pool2_F24_D_19,F24_2015,-13.64694,49.55599,E. minor,AMBA
PL1_PoolX_F13_2015,F13_2015,-13.65457,49.5571,E. minor,AMBA
PL1_Pool1_B72_A_52,B72_2014,-13.91378,49.41881,E. minor,AMBALA
PL1_Pool2_B78_B_6,B78_2014,-13.91646,49.40948,E. minor,AMBALA
PL1_Pool2_B92_E_27,B92_2014,-13.92058,49.4065,E. minor,AMBALA
PL1_PoolX_B91_2014,B91_2014,-13.91767,49.40149,E. minor,AMBALA
PL1_Pool2_10_BK159_2018,BK159_2018,-14.15359,49.24164,E. minor,ANDOHA
PL1_Pool3_14_BK155_2018,BK155_2018,-14.15089,49.23956,E. minor,ANDOHA
PL1_Pool3_48_BK166_2018,BK166_2018,-14.14167,49.24549,E. minor,ANDOHA
PL1_Pool3_6_BK143_2018,BK143_2018,-14.16067,49.23928,E. minor,ANDOHA
PL1_Pool1_A36_D_17,A36_2014,-13.77065,49.53997,E. minor,ANDR
PL1_Pool1_E30_A_22,E30_2014,-13.763,49.6118,E. minor,ANDR
PL1_Pool1_30_E32_2014,E32_2014,-13.74079,49.58126,E. minor,ANDR
PL1_Pool2_41_E17_2014,E17_2014,-13.75705,49.58968,E. minor,ANDR
PL1_Pool3_12_E25_2014,E25_2014,-13.74029,49.58227,E. minor,ANDR
PL1_PoolX_A34_2014,A34_2014,-13.75424,49.53603,E. minor,ANDR
PL1_PoolX_A46_2014,A46_2014,-13.79328,49.51964,E. minor,ANDR
PL1_PoolX_E24_2014,E24_2014,-13.73758,49.58876,E. minor,ANDR
PL1_Pool1_F42_D_6,F42_2015,-13.56262,49.53631,E. minor,ANTSA
PL1_Pool1_F54_C_24,F54_2015,-13.5576,49.53974,E. minor,ANTSA
PL1_Pool1_F55_C_21,F55_2015,-13.55695,49.53948,E. minor,ANTSA
PL1_Pool2_F37_D_20,F37_2015,-13.55122,49.53839,E. minor,ANTSA
PL1_Pool2_F43_D_7,F43_2015,-13.56317,49.5372,E. minor,ANTSA
PL1_Pool2_9_BK78_2018,BK78_2018,-14.22791,49.64715,E. minor,BEAMA
PL1_Pool3_35_BK111_2018,BK111_2018,-14.18806,49.39257,E. minor,LOHANA
PL1_Pool1_A53_D_10,A53_2014,-13.75995,49.40638,E. minor,MAL
PL1_Pool1_A80_E_1,A80_2014,-13.75381,49.41059,E. minor,MAL
PL1_Pool1_A90_D_24,A90_2014,-13.75245,49.40905,E. minor,MAL
PL1_Pool3_36_A69_2014,A69_2014,-13.75956,49.41195,E. minor,MAL
PL1_Pool1_27_BD29_2017,BD29_2017,-12.5082,49.18153,Eliurus sp. nova,M_AMBRE_NORTH
PL1_Pool3_32_BC51_2017,BC51_2017,-12.51994,49.18104,Eliurus sp. nova,M_AMBRE_NORTH
PL1_Pool1_36_BE35_2017,BE35_2017,-12.67702,49.17084,Eliurus sp. nova,M_AMBRE_SOUTH
PL1_Pool2_11_BG72_2017,BG72_2017,-12.69357,49.14442,Eliurus sp. nova,M_AMBRE_SOUTH
PL1_Pool2_46_BD68_2017,BD68_2017,-12.65919,49.17768,Eliurus sp. nova,M_AMBRE_SOUTH
PL1_Pool3_34_BG77_2017,BG77_2017,-12.70927,49.13926,Eliurus sp. nova,M_AMBRE_SOUTH
PL1_Pool3_45_BH10_2017,BH10_2017,-12.70601,49.13793,Eliurus sp. nova,M_AMBRE_SOUTH
PL1_Pool3_8_BG61_2017,BG61_2017,-12.70442,49.14583,Eliurus sp. nova,M_AMBRE_SOUTH
PL1_Pool3_28_BJ52_2017,BJ52_2017,-12.76553,49.02506,E. carletoni,ANALA
PL1_Pool1_16_F199_18,F199_18,-16.28800803,46.71106503,E. myoxinus,FANTSIKA
PL1_Pool1_24_M123_18,M123_18,-16.29647098,46.68970602,E. myoxinus,FANTSIKA
PL1_Pool1_6_F128_18,F128_18,-16.28704302,46.71128296,E. myoxinus,FANTSIKA
PL1_Pool3_14_F24_04,F24_4,-16.1852,46.55051,E. myoxinus,FANTSIKA
PL1_Pool3_16_M136_17,M136_17,-16.30414998,46.709966,E. myoxinus,FANTSIKA
PL1_Pool3_22_F179_17,F179_17,-16.32319702,46.68997197,E. myoxinus,FANTSIKA
PL1_Pool3_25_F167_17,F167_17,-16.30334096,46.72346799,E. myoxinus,FANTSIKA
PL1_Pool3_27_M197_17,M197_17,-16.31672502,46.71819602,E. myoxinus,FANTSIKA
PL1_Pool3_28_F4_17,F4_17,-16.32180898,46.71472097,E. myoxinus,FANTSIKA
PL1_Pool3_29_F12_04,F12_4,-16.1137,46.54096,E. myoxinus,FANTSIKA
PL1_Pool3_30_M5_17,M5_17,-16.32175902,46.71464997,E. myoxinus,FANTSIKA
PL1_Pool3_31_F183_17,F183_17,-16.32212598,46.715173,E. myoxinus,FANTSIKA
PL1_Pool3_32_M158_17,M158_17,-16.327867,46.69875302,E. myoxinus,FANTSIKA
PL1_Pool3_33_F114_17,F114_17,-16.30932597,46.69479802,E. myoxinus,FANTSIKA
PL1_Pool3_34_F132_17,F132_17,-16.30336904,46.72354301,E. myoxinus,FANTSIKA
PL1_Pool3_35_M20_04,M20_4,-16.1141,46.54055,E. myoxinus,FANTSIKA
PL1_Pool3_36_M144_17,M144_17,-16.30279999,46.72245403,E. myoxinus,FANTSIKA
PL1_Pool3_37_F189_17,F189_17,-16.32585299,46.70323499,E. myoxinus,FANTSIKA
PL1_Pool3_38_F14_04,F14_4,-16.11379,46.54211,E. myoxinus,FANTSIKA
PL1_Pool3_39_F36_04,F36_4,-16.1926,46.55153,E. myoxinus,FANTSIKA
PL1_Pool3_41_F11_04,F11_4,-16.1141,46.54071,E. myoxinus,FANTSIKA
PL1_Pool3_46_F45_17,F45_17,-16.31408103,46.70465397,E. myoxinus,FANTSIKA
PL1_Pool3_48_F2_17,F2_17,-16.32245304,46.722938,E. myoxinus,FANTSIKA
PL1_Pool3_7_F70_18,F70_18,-16.32643302,46.71437798,E. myoxinus,FANTSIKA